id, author, latitude, longitude
0, Hsieh  Hung-Nien, 24.80361, 120.96861
1, Hu  Tai-Shan, 24.80361, 120.96861
2, Chia  Ping-Ching, 24.80361, 120.96861
3, Liu  Chieh-Chung, 24.80361, 120.96861
4, Tian  Qing, 24.94829, 121.35251
5, Chen  Songcan, 24.94829, 121.35251
6, Tan  Xiaoyang, 24.94829, 121.35251
7, Thorndahl  Soren, 39.29156, -121.47747
8, Smith  James A., -25.85, 30.95
9, Baeck  Mary Lynn, -25.85, 30.95
10, Krajewski  Witold F., 39.29156, -121.47747
11, Liu  Yuyun, 30.72608, 108.67483
12, Wang  Lin, 30.72608, 108.67483
13, Zhou  Wen, 22.28455, 114.1582
14, Chen  Wen, 30.72608, 108.67483
15, Manca  Germana, -30.24671, 27.03918
16, Attaway  David F., -33.56804, 26.82476
17, Waters  Nigel, -33.56804, 26.82476
18, Braham  Cheikh-Baye, 20.93098, -17.03465
20, Laurec  Alain, -14.1, 22.85
23, Roberts  A. J., -17.89028, 31.13833
24, MacKenzie  T., -30.2391, 25.40611
25, Bunder  J. E., -17.89028, 31.13833
27, Saros  Jasmine E., 43.94444, -85.51944
28, Harcombe  William R., -19.8, 32.78333
29, Riehl  William J., 42.57664, 1.51779
30, Dukovski  Ilija, 42.57664, 1.51779
31, Granger  Brian R., 42.57664, 1.51779
32, Betts  Alex, -19.8, 32.78333
33, Lang  Alex H., 42.57664, 1.51779
34, Bonilla  Gracia, 42.57664, 1.51779
35, Kar  Amrita, 42.57664, 1.51779
36, Leiby  Nicholas, -19.8, 32.78333
37, Mehta  Pankaj, 42.57664, 1.51779
38, Marx  Christopher J., -19.8, 32.78333
39, Segre  Daniel, 42.57664, 1.51779
40, Lucia Puertas  Olga, 13.68889, -90.00389
41, Henriquez  Cristian, 13.68889, -90.00389
42, Javier Meza  Francisco, 13.68889, -90.00389
43, Kaneko  Yayoi, -8.4, 147.15
44, Kanda  Em, -8.4, 147.15
45, Tashima  Sara, 44.0, 143.0
46, Masuda  Ryuich, 44.0, 143.0
47, Newman  Christopher, 51.83333, -1.25
48, Macdonald  David W., 51.83333, -1.25
49, Tan  Chin Wee, -18.42263, 29.69904
50, Gardiner  Bruce S., -17.13333, 30.4
51, Hirokawa  Yumiko, -18.42263, 29.69904
52, Smith  David W., -17.13333, 30.4
53, Burgess  Antony W., -18.42263, 29.69904
54, Thompson  Craig K., -32.06987, 115.83757
55, Wayne  Adrian F., -34.59789, 116.26566
56, Godfrey  Stephanie S., -32.06987, 115.83757
57, Thompson  R. C. Andrew, -32.06987, 115.83757
58, Pieroh  Philipp, 51.34198, 12.37498
59, Birkenmeier  Gerd, 51.34198, 12.37498
60, Dehghani  Faramarz, 48.46667, 8.75
61, Folmer  Eelke O., -27.6995, 26.86868
62, Drent  Jan, -27.6995, 26.86868
63, Troost  Karin, 51.4925, 4.05
64, Buettger  Heike, 45.79929, -121.48702
65, Dankers  Norbert, -27.6995, 26.86868
66, Jansen  Jeroen, -27.6995, 26.86868
67, van Stralen  Marnix, 0, 0
68, Millat  Gerald, 53.52344, 8.10746
69, Herlyn  Marc, 53.7072, 7.14695
70, Philippart  Catharina J. M., -27.6995, 26.86868
71, Li  Sen, -25.90866, 24.89688
72, Vanwambeke  Sophie O., -25.90866, 24.89688
73, Licoppe  Alain M., 50.561, 4.697
74, Speybroeck  Niko, -23.37915, 29.14658
75, Iskhakov  I., 45.95678, -122.57093
76, Ribakov  Y., 45.95678, -122.57093
77, de Almeida  Ronaldo, -5.0, -78.0
78, Elias Bernardi  Jose Vicente, 18.44495, -66.38128
79, Oliveira  Ronaldo Cavalcante, 39.02592, -8.25165
80, de Carvalho  Dario Pires, 39.02592, -8.25165
81, Manzatto  Angelo Gilberto, 39.02592, -8.25165
82, de Lacerda  Luiz Drude, 41.69312, -8.20746
83, Bastos  Wanderley Rodrigues, 39.02592, -8.25165
84, Kuhn  Michael A., 39.67861, -104.96944
86, Feigelson  Eric D., 39.67861, -104.96944
87, Getman  Konstantin V., 39.67861, -104.96944
88, Broos  Patrick S., 39.67861, -104.96944
89, Townsley  Leisa K., 39.67861, -104.96944
90, Povich  Matthew S., 39.67861, -104.96944
93, Busk  Heather A., 39.67861, -104.96944
94, Luhman  Kevin L., 39.67861, -104.96944
99, Smith  Martin D., -19.3, 29.65
100, Asche  Frank, 41.39864, -88.61396
101, Bennear  Lori S., -19.3, 29.65
102, Oglend  Atle, 41.39864, -88.61396
103, Borysov  I. D., 40.50602, 43.5952
104, Potseluiev  S. I., 40.50602, 43.5952
105, Yatsenko  T. Yu., 50.45466, 30.5238
106, Sweeney  Stuart, -25.83333, 27.88333
107, Steigerwald  Douglas G., -25.83333, 27.88333
108, Davenport  Frank, -25.83333, 27.88333
109, Eakin  Hallie, -29.03143, 26.15937
110, Smolinsky  Radovan, 49.8233, 13.66545
111, Gvozdik  Lumir, 49.8233, 13.66545
112, Bonsall  Michael B., -18.16938, 30.45156
113, Dooley  Claire A., 51.59837, -1.11073
114, Kasparson  Anna, -24.19163, 31.08152
115, Brereton  Tom, -18.03066, 31.62801
116, Roy  David B., 51.59837, -1.11073
117, Thomas  Jeremy A., -18.16938, 30.45156
118, Venerus  Leonardo A., -42.7692, -65.03851
119, Irigoyen  Alejo J., -42.7692, -65.03851
120, Galvan  David E., -42.7692, -65.03851
121, Parma  Ana M., -42.7692, -65.03851
122, Parunov  Leonid A., -24.19163, 31.08152
123, Soshitova  Natalia P., -24.19163, 31.08152
124, Fadeeva  Olgaa., -24.19163, 31.08152
125, Balandina  Annan., -24.19163, 31.08152
126, Kopylov  Konstantin G., -24.19163, 31.08152
127, Kumskova  Maria A., -24.19163, 31.08152
128, Gilbert  James C., -19.8, 32.78333
129, Schaub  Robert G., -19.8, 32.78333
130, McGinness  Kathleen E., -19.8, 32.78333
131, Ataullakhanov  Fazoil I., -24.19163, 31.08152
132, Panteleev  Mikhail A., -24.19163, 31.08152
133, Bisht  P., 0, 0
134, Kumar  P., 27.7261, 85.3005
136, Rawat  J. S., 0, 0
137, Sharma  M. P., 41.88027, 21.52905
138, Hooda  R. S., 41.88027, 21.52905
139, Chen  Youhua, 45.63873, -122.66149
140, Sheng  Yajun, 30.73454, 119.52652
141, Zhang  Chen, 30.73454, 119.52652
142, Qiu  Xingye, 30.73454, 119.52652
143, Zheng  Wei, 30.73454, 119.52652
144, Ruan  Jishou, 30.73454, 119.52652
145, Shao  Yiming, 30.72608, 108.67483
146, Yoon  Sook Hee, 37.56667, 126.96667
148, Kim  Jaemin, 37.56667, 126.96667
149, Lee  Hak-Kyo, 37.01083, 127.27028
150, Park  Bongkyun, 37.56667, 126.96667
152, Colak  Serdar, -19.8, 32.78333
153, Schneider  Christian M., -19.8, 32.78333
154, Wang  Pu, 24.45722, 118.32972
155, Gonzalez  Marta C., -19.8, 32.78333
156, Martinez Molina  Mario, 19.42847, -99.12766
157, Moreno-Armendariz  Marco A., 19.42847, -99.12766
158, Tuoh Mora  Juan Carlos Seck, 19.42847, -99.12766
159, Duncombe  Jennifer, -27.44453, 153.01852
160, Espino  Fe, 14.39028, 121.0475
161, Marollano  Kristian, 14.39028, 121.0475
162, Velazco  Aldwin, 14.39028, 121.0475
163, Ritchie  Scott A., -32.41089, 26.72992
164, Hu  Wenbiao, -27.44453, 153.01852
165, Weinstein  Philip, -17.89028, 31.13833
166, Clements  Archie C. A., -27.44453, 153.01852
167, Boucekkine  R., -23.23594, 30.32318
168, Camacho  C., -19.05, 29.56667
169, Fabbri  G., 35.04139, 32.90139
170, Schaefer  J. A., 42.87064, -71.95175
171, Mahoney  S. P., 45.5287, 9.229
172, Sivrikaya  Fatih, 38.0, 37.0
173, Baskent  Emin Zeki, 40.99511, 39.78973
174, Bozali  Nuri, 38.0, 37.0
175, Zhang Wen, 40.16375, 94.63988
179, Burczynski  T., 44.76166, -88.25149
180, Szczepanik  M., 50.3011, 18.6498
181, Vargas  Roger I., 19.72972, -155.09
182, Stark  John D., 47.18538, -122.2929
183, Banks  John, 47.25288, -122.44429
184, Leblanc  Luc, 63.0625, -149.57194
185, Manoukis  Nicholas C., 19.72972, -155.09
186, Peck  Steven, 40.23384, -111.65853
187, Heppenstall  Alison J., -18.49435, 31.4284
188, Harland  Kirk, -18.49435, 31.4284
189, Ross  Andrew N., -18.49435, 31.4284
190, Olner  Dan, -18.49435, 31.4284
191, Thiele  Elizabeth A., 40.41226, -86.93668
192, Correa-Oliveira  Guilherme, 39.31253, -7.42363
193, Gazzinelli  Andrea, 39.31253, -7.42363
194, Minchella  Dennis J., 40.41226, -86.93668
204, Brazil  Reginaldo Pecanha, -22.91046, -43.16313
205, van Egeraat  Chris, -20.26667, 29.28333
206, O'Riain  Sean, -20.26667, 29.28333
207, Kerr  Aphra, -20.26667, 29.28333
208, Yuan  Sanling, -22.46563, 28.93706
209, Xu  Chaoqun, -22.46563, 28.93706
210, Zhang  Tonghua, -18.42263, 29.69904
211, Xu  Zhihua, 22.28455, 114.1582
212, Yeh  Anthony, 22.28455, 114.1582
213, McLaughlin  Michael R., 33.45484, -88.78866
214, Brooks  John P., 33.45484, -88.78866
215, Adeli  Ardeshir, 33.45484, -88.78866
216, Sun  Gui-Quan, 24.0053, 120.5189
217, Li  Li, 24.0053, 120.5189
218, Zhang  Zi-Ke, 48.76649, 6.85753
219, Hendriks  Rob J. J., 0, 0
220, Carvalheiro  Luisa G., -26.84966, 30.28178
221, Kleukers  Roy M. J. C., -26.84966, 30.28178
222, Biesmeijer  Jacobus C., -26.84966, 30.28178
223, Roukos  Vassilis, -23.48627, 29.36672
224, Voss  Ty C., -23.48627, 29.36672
225, Schmidt  Christine K., -23.48627, 29.36672
226, Lee  Seungtaek, -33.12326, 27.21349
227, Wangsa  Darawalee, -23.48627, 29.36672
228, Misteli  Tom, -23.48627, 29.36672
230, Zhao  K. J., 36.3, 127.4
231, Dong  J. Q., 30.06518, 102.19527
232, Yan  L. W., 26.36828, 115.34289
233, Diamond  P. H., 32.71533, -117.15726
234, Cheng  J., 26.36828, 115.34289
235, Hong  W. Y., 26.36828, 115.34289
236, Huang  Z. H., 26.36828, 115.34289
237, Xu  M., 32.71533, -117.15726
238, Tynan  G. R., 32.71533, -117.15726
240, Itoh  S. -I., 6.7325, 125.18417
241, Fujisawa  A., 6.7325, 125.18417
242, Nagashima  Y., 6.7325, 125.18417
243, Inagaki  S., 6.7325, 125.18417
244, Wang  Z. X., 23.90452, 120.5298
245, Wei  L., 23.90452, 120.5298
246, Li  Q., 26.36828, 115.34289
247, Ji  X. Q., 26.36828, 115.34289
248, Huang  Y., 26.36828, 115.34289
249, Liu  Yi., 26.36828, 115.34289
250, Zhou  J., 26.36828, 115.34289
251, Song  X. M., 26.36828, 115.34289
252, Yang  Q. W., 26.36828, 115.34289
256, Guan  Wenjiang, 43.94444, -85.51944
257, Cao  Jie, 43.94444, -85.51944
258, Chen  Yong, 43.94444, -85.51944
259, Cieri  Matthew, 43.84897, -69.64338
260, Foster  Jane R., 38.67935, -121.9683
261, Townsend  Philip A., 38.67935, -121.9683
262, Mladenoff  David J., 38.67935, -121.9683
263, Smith  Vincent M., 42.19458, -122.70948
264, Greene  Robert B., 15.21233, 145.7545
265, Silbernagel  Janet, 38.67935, -121.9683
266, Akhand  Anirban, 22.56263, 88.36304
267, Chanda  Abhra, 22.56263, 88.36304
268, Dutta  Sachinandan, 22.56263, 88.36304
269, Manna  Sudip, 22.56263, 88.36304
270, Sanyal  Pranabes, 22.56263, 88.36304
271, Hazra  Sugata, 22.56263, 88.36304
272, Rao  K. H., 17.38405, 78.45636
273, Dadhwal  V. K., 17.38405, 78.45636
274, Makki  Toktam, 32.75084, 51.86127
275, Fakheran  Sima, 32.75084, 51.86127
276, Moradi  Hossein, 32.75084, 51.86127
277, Iravani  Majid, 32.75084, 51.86127
278, Senn  Josef, 47.35515, 8.44256
279, Assing  Sigurd, -22.59382, 29.20773
281, Robertson  Colin, -18.95, 32.18333
282, Pant  Dhan Kumar, 27.70169, 85.3206
283, Joshi  Durga Datt, 27.70169, 85.3206
284, Sharma  Minu, 27.70169, 85.3206
285, Dahal  Meena, 27.70169, 85.3206
286, Stephen  Craig, 49.16638, -123.94003
287, Ai  Dexiecuo, 23.08964, 112.73373
288, Gravel  Dominique, 48.44879, -68.52396
289, Chu  Chengjin, 23.08964, 112.73373
290, Wang  Gang, 23.08964, 112.73373
291, Dignowity  Doreen, -25.8, 20.16667
292, Wilson  Mario, -25.8, 20.16667
293, Rangel-Fonseca  Piero, -25.8, 20.16667
294, Aboites  Vicente, -25.8, 20.16667
295, Clausen  L. B. N., -27.29613, 30.66222
296, Baker  J. B. H., 37.22957, -80.41394
297, Ruohoniemi  J. M., 37.22957, -80.41394
298, Milan  S. E., -18.08742, 31.44043
299, Coxon  J. C., -18.08742, 31.44043
300, Wing  S., -18.4698, 31.30199
301, Ohtani  S., -18.4698, 31.30199
302, Anderson  B. J., -18.4698, 31.30199
303, Ma Shengming, 24.67383, 120.91564
304, Zhu Lixin, 30.72608, 108.67483
305, Liu Chongmin, 24.67383, 120.91564
306, Xi Mingjie, 24.67383, 120.91564
307, Tang Shixin, 24.67383, 120.91564
308, Lopez-Rocha  Jorge A., 43.68052, -91.68876
309, Arreguin-Sanchez  Francisco, 28.0, -113.5
310, Lebedinskii  K. S., 0, 0
311, Boiko  M. V., 0, 0
312, Shcherbakov  I. N., 0, 0
313, Lyashenko  M. N., 0, 0
314, Bulgarevich  S. B., 0, 0
315, Li  Sen, 29.1488, 106.21889
316, Tao  Haiyan, 29.1488, 106.21889
317, Xu  Yong, 29.1488, 106.21889
318, Sweeney  Stuart, -25.83333, 27.88333
319, Steigerwald  Douglas G., -25.83333, 27.88333
320, Davenport  Frank, -25.83333, 27.88333
321, Eakin  Hallie, -29.03143, 26.15937
322, Mushet  David M., 45.24818, -122.81593
323, Euliss  Ned H.  Jr., -33.97898, 18.84888
324, Chen  Yongjiu, 45.24818, -122.81593
325, Stockwell  Craig A., 45.24818, -122.81593
327, Kim  Taehyun, 37.56667, 126.96667
328, Kim  Hongkyu, 37.56667, 126.96667
329, Lyons  Mitchell B., -25.68765, 23.57241
330, Roelfsema  Chris M., -25.68765, 23.57241
331, Phinn  Stuart R., -25.68765, 23.57241
332, Rasmussen  Jonas Ribergaard, 0, 0
333, Pedersen  Morten Foldager, 55.64152, 12.08035
334, Olesen  Birgit, 0, 0
335, Nielsen  Soren Laurentius, 55.64152, 12.08035
336, Pedersen  Troels Moller, 55.64152, 12.08035
337, McKie  Linda, -19.3, 29.65
340, Grueter  Cyril C., 51.34198, 12.37498
342, Plumptre  Andrew J., -14.41129, 31.6098
344, Mundry  Roger, 51.34198, 12.37498
346, Robbins  Martha M., 51.34198, 12.37498
349, Zhang  Dawen, 24.67306, 121.12694
350, Zhang  Xia, 29.1488, 106.21889
351, Tian  Lei, 29.0, 85.25
352, Ye  Feng, 29.1488, 106.21889
353, Huang  Xiaoping, 29.1488, 106.21889
354, Zeng  Yanyi, 29.1488, 106.21889
355, Fan  Minling, 29.1488, 106.21889
356, Sitters  Gerrit, -24.46667, 27.25
357, Heller  Iddo, -24.46667, 27.25
358, Broekmans  Onno D., -24.46667, 27.25
359, Farge  Geraldine A., -24.46667, 27.25
360, Menges  Carolin, 51.78582, 5.0268
361, Wende  Wolfgang, 0, 0
362, Hell  Stefan W., 51.73333, 10.1
363, Peterman  Erwin J. G., -24.46667, 27.25
364, Wuite  Gijs J. L., -24.46667, 27.25
365, Liu  Chun, 40.65862, -96.91364
366, Sibly  Richard M., 40.65862, -96.91364
367, Grimm  Volker, -23.32829, 29.29561
368, Thorbek  Pernille, 40.65862, -96.91364
369, Shi Hong, 25.01769, 121.17416
370, Ge Yanhui, 25.01769, 121.17416
374, Cichy  R., -19.8, 32.78333
375, Pantazis  D., -19.8, 32.78333
376, Oliva  A., -19.8, 32.78333
377, Zhang  Y., 45.5287, 9.229
378, Zhao  X. -Q., 45.5287, 9.229
379, Ashbury  Alison, -31.2, 27.28333
380, Aprilinayati  Fikty, -6.21462, 106.84513
381, van Noordwijk  Maria A., -31.2, 27.28333
382, Willems  Erik P., -31.2, 27.28333
383, van Schaik  Carel P., -31.2, 27.28333
384, Li  Yongmei, 30.72608, 108.67483
385, Zhou  Bing, 46.44326, -114.08427
386, Sun  Guofu, 24.01139, 121.57939
387, Yang  Boyan, 30.72608, 108.67483
389, Xiao  Y, 62.16129, -149.85075
390, Kunnath  SK, 46.60894, 14.27822
391, Monti  G, -30.95501, 29.86571
393, Xiao  Y, 62.16129, -149.85075
394, Kunnath  SK, 46.60894, 14.27822
395, Monti  G, -30.95501, 29.86571
397, He  GJ, 55.83333, 13.65
399, van den Brand  J., -24.51667, 28.88333
400, Stittelaar  K., -24.51667, 28.88333
401, van Amerongen  G., -24.51667, 28.88333
402, Reperant  L., -24.51667, 28.88333
403, de Waal  L., -24.51667, 28.88333
404, Osterhaus  A., -24.51667, 28.88333
405, Kuiken  T., -24.51667, 28.88333
406, Anderson  Joshua R., 42.6409, -78.1339
407, Behringer  Donald C., 42.6409, -78.1339
408, Vitkovsky  V. O., 43.10562, 131.87353
409, Prants  S. V., 43.10562, 131.87353
411, Fonseca  Sofia, -18.39374, 30.99452
412, Milho  Joao, -18.39374, 30.99452
413, Travassos  Bruno, 40.28601, -7.50396
414, Araujo  Duarte, -18.39374, 30.99452
415, Vilella  Francisco J., 33.45484, -88.78866
416, Nimitz  Wyatt F., 33.45484, -88.78866
418, Lehtimaki  Sari, 60.17556, 24.93417
419, Savinko  Terhi, 60.17556, 24.93417
420, Lahl  Katharina, -34.4394, 19.45615
421, Sparwasser  Tim, 47.11139, -101.42654
422, Wolff  Henrik, 60.17556, 24.93417
423, Lauerma  Antti, 60.17556, 24.93417
424, Alenius  Harri, 60.17556, 24.93417
425, Fyhrquist  Nanna, 60.17556, 24.93417
426, Veit  Franziska, 51.5125, 7.47695
427, Assmann  Marc, 51.5125, 7.47695
428, Bayer  Manfred, 51.5125, 7.47695
429, Immonen  Taina, 35.73199, -105.15167
430, Gibson  Richard, -20.23776, 29.60549
431, Leitner  Thomas, 35.73199, -105.15167
432, Miller  Melanie A., -20.23776, 29.60549
433, Arts  Eric J., -20.23776, 29.60549
434, Somersalo  Erkki, -20.23776, 29.60549
435, Calvetti  Daniela, -20.23776, 29.60549
436, Ren Chunping, 23.90452, 120.5298
437, Zou Zhili, 23.90452, 120.5298
438, Gomez  Cecile, 47.80691, -110.84272
439, Lagacherie  Philippe, -17.8157, 32.16667
440, Coulouma  Guillaume, -17.8157, 32.16667
441, Fyhrquist  N., 60.17556, 24.93417
442, Lehtimaki  S., 60.17556, 24.93417
443, Savinko  T., 60.17556, 24.93417
444, Lahl  K., -34.4394, 19.45615
445, Sparwasser  T., 47.11139, -101.42654
446, Wolff  H., 60.17556, 24.93417
447, Lauerma  A., 60.17556, 24.93417
448, Alenius  H., 60.17556, 24.93417
449, McLaughlin  Michael R., 33.45484, -88.78866
450, Brooks  John P., 33.45484, -88.78866
451, Adeli  Ardeshir, 33.45484, -88.78866
452, Chang  Wei-Chih, 25.02588, 121.65161
453, Lee  Chia-Ming, 25.02588, 121.65161
454, Shyu  Bai-Chuang, 25.02588, 121.65161
455, Lundquist  J. E., 61.21806, -149.90028
456, Reich  R. M., 0, 0
457, Tuffly  M., 0, 0
458, Sidharthan  Raghuprasad, -29.53333, 30.16667
459, Bhat  Chandra R., -29.53333, 30.16667
460, Molchanov  S. A., -22.42397, 30.5856
461, Yarovaya  E. B., -24.19163, 31.08152
462, Booth  Michael T., 43.34082, -90.28179
463, Shipley  Andrea J., -24.98575, 30.07985
464, Carney  L. J., -23.02804, 29.83268
465, Sabatos-Peyton  C. A., -23.02804, 29.83268
466, Wraith  D. C., -23.02804, 29.83268
467, Zhu  Gaoru, 30.72608, 108.67483
468, Xu  Xuegong, 30.72608, 108.67483
469, Ma  Zongwen, 30.72608, 108.67483
470, Xu  Lifen, 30.72608, 108.67483
471, Porter  John H., 38.02931, -78.47668
472, Mueller  Robert, 51.73333, 10.1
473, Mueller  Daniel, 48.46667, 8.75
474, Schierhorn  Florian, 48.46667, 8.75
475, Gerold  Gerhard, 51.73333, 10.1
476, Pacheco  Pablo, -6.46639, 108.05083
477, van den Brand  Judith M. A., -24.51667, 28.88333
478, Stittelaar  Koert J., -24.51667, 28.88333
479, van Amerongen  Geert, -24.51667, 28.88333
480, Reperant  Leslie, -24.51667, 28.88333
482, Osterhaus  Albert D. M. E., -24.51667, 28.88333
483, Kuiken  Thijs, -24.51667, 28.88333
484, Bharti  N., -25.85, 30.95
485, Broutin  H., -23.48627, 29.36672
486, Grais  R. F., -19.05, 29.56667
487, Ferrari  M. J., 0, 0
488, Djibo  A., 13.52139, 2.10528
489, Tatem  A. J., -23.48627, 29.36672
490, Grenfell  B. T., -23.48627, 29.36672
491, Ray  J., 40.78637, -105.25693
492, McKenna  S. A., 35.08449, -106.65114
493, Waanders  B. van Bloemen, 35.08449, -106.65114
494, Marzouk  Y. M., -19.8, 32.78333
495, Horta  Sebastian, -20.28333, 30.66667
496, Defeo  Omar, -20.28333, 30.66667
497, Driscoll  Don A., -19.33417, 30.05945
498, Whitehead  Catherine A., -17.89028, 31.13833
499, Lazzari  Juliana, -19.33417, 30.05945
500, Grabowski  M., -19.45, 29.18333
501, Lessler  J., -19.45, 29.18333
502, Redd  A., -19.45, 29.18333
503, Bwanika  J., -19.45, 29.18333
504, Lutalo  T., -19.45, 29.18333
505, Nalugoda  F., -19.45, 29.18333
506, Kagaayi  J., -19.45, 29.18333
507, Serwadda  D., -19.45, 29.18333
508, Laeyendecker  O., -19.45, 29.18333
509, Wawer  M., -19.45, 29.18333
510, Gray  R., -19.45, 29.18333
511, Dey  Supravat, 18.0, 74.0
512, Das  Dibyendu, 18.0, 74.0
513, Rajesh  R., -24.53161, 29.34588
515, Codding  Brian F., -34.4394, 19.45615
516, Bird  Rebecca Bliege, -34.4394, 19.45615
517, Wodarz  Dominik, 42.66497, -105.30554
518, Hofacre  Andrew, 42.66497, -105.30554
519, Lau  John W., 42.66497, -105.30554
520, Sun  Zhiying, 42.66497, -105.30554
521, Fan  Hung, 42.66497, -105.30554
522, Komarova  Natalia L., 42.66497, -105.30554
523, Jacoby  David M. P., -18.65128, 29.802
524, Brooks  Edward J., -18.65128, 29.802
525, Croft  Darren P., -18.65128, 29.802
526, Sims  David W., -18.65128, 29.802
527, Cipriotti  Pablo A., 13.91139, -87.47389
528, Aguiar  Martin R., 13.91139, -87.47389
529, Wiegand  Thorsten, 51.34198, 12.37498
530, Paruelo  Jose M., 13.91139, -87.47389
531, Moura  Ariadne do Nascimento, -8.01175, -34.95291
532, do Nascimento  Emanuel Cardoso, -8.01175, -34.95291
533, Dantas  Enio Wocyli, -7.14838, -34.95068
534, Nishimura  Tamako, -31.59933, 18.93743
535, Honda  Hisao, 34.76667, 134.85
536, Takeichi  Masatoshi, -31.59933, 18.93743
543, Li  Chunjian, 30.72608, 108.67483
544, Martin  L. N., 13.91139, -87.47389
545, Dmitruk  P., 13.91139, -87.47389
546, Gomez  D. O., 13.91139, -87.47389
547, Holland  Daniel S., 47.60621, -122.33207
548, Herrera  Guillermo E., -18.23954, 30.05861
549, Monkkonen  Paavo, 22.28455, 114.1582
550, Wong  Kelvin, 22.28455, 114.1582
551, Begley  Jaclene, -23.41635, 27.55004
552, Henriot  Christian, -24.06441, 26.91678
553, Sandin  Stuart A., 32.84727, -117.2742
554, McNamara  Dylan E., 40.72272, -111.87521
555, Drewes  Annette D., 38.67935, -121.9683
556, Silbernagel  Janet, 38.67935, -121.9683
557, Robinson  Marguerite, 45.81977, 8.62143
558, Stilianakis  Nikolaos I., 49.5888, 11.00977
559, Drossinos  Yannis, 45.81977, 8.62143
560, Vardien  W., 0, 0
561, Richardson  D. M., 0, 0
562, Foxcroft  L. C., -24.96279, 31.58964
563, Wilson  J. R., -20.25646, 28.73957
564, Le Roux  J. J., 0, 0
565, Queiroz  Nuno, -17.78333, -149.28333
566, Humphries  Nicolas E., -18.65128, 29.802
567, Noble  Leslie R., -16.94387, 30.78994
568, Santos  Antonio M., -17.78333, -149.28333
569, Sims  David W., 45.03345, -63.86542
570, Zhang  Xiao-Chong, 24.0053, 120.5189
571, Sun  Gui-Quan, 24.0053, 120.5189
572, Jin  Zhen, 24.0053, 120.5189
573, Nielsdottir  Maria C., 45.03345, -63.86542
574, Bibby  Thomas S., 45.03345, -63.86542
575, Moore  C. Mark, 45.03345, -63.86542
576, Hinz  Dania J., 45.03345, -63.86542
578, Whitehouse  Michael, -19.8, 32.78333
579, Korb  Rebecca, -19.8, 32.78333
580, Achterberg  Eric P., 45.03345, -63.86542
581, Goncalves  Ana Cristina, 14.61183, 121.11357
582, Pommerening  Arne, 46.99423, 7.45242
583, Neeson  Thomas M., 42.27756, -83.74088
584, Wiley  Michael J., 42.27756, -83.74088
585, Adlerstein  Sara A., 42.27756, -83.74088
586, Riolo  Rick L., 42.27756, -83.74088
587, Leonova  E. I., 56.11095, 47.84875
588, Baranov  M. V., -24.19163, 31.08152
589, Galzitskaya  O. V., 56.11095, 47.84875
591, Salmon-Monviola  Jordy, 48.10343, -1.6723
592, Durand  Patrick, 48.10343, -1.6723
593, Ferchaud  Fabien, 13.4945, 121.8578
594, Oehler  Francois, -20.26614, 29.22116
595, Sorel  Luc, 48.10343, -1.6723
596, Yang  Fenglei, -22.46563, 28.93706
597, Li  Baomin, -22.46563, 28.93706
599, Sforzi  Fabio, -17.96667, 29.85
600, Mancini  Maria Cecilia, -17.96667, 29.85
601, De Reu  Jeroen, 41.86313, -76.43938
602, De Mulder  Guy, 41.86313, -76.43938
603, Van Strydonck  Mark, -23.37915, 29.14658
604, Boudin  Mathieu, -23.37915, 29.14658
605, Bourgeois  Jean, 41.86313, -76.43938
606, Leon  Luis F., -18.95, 32.18333
607, Smith  Ralph E. H., -18.95, 32.18333
608, Malkin  Sairah Y., -18.95, 32.18333
609, Depew  David, -18.95, 32.18333
610, Hipsey  Matthew R., -34.13333, 18.38333
611, Antenucci  Jason P., -34.13333, 18.38333
612, Higgins  Scott N., -18.95, 32.18333
613, Hecky  Robert E., -18.95, 32.18333
614, Rao  Ram Y., -24.63844, 31.19223
615, Niu  Tianchan, -23.48627, 29.36672
616, Gaff  Holly D., -17.93077, 31.6442
617, Papelis  Yiannis E., -17.93077, 31.6442
618, Hartley  David M., -18.61739, 29.8101
623, Johannesen  Edda, -27.17141, 30.66997
624, Lindstrom  Ulf, 69.66667, 19.0
625, Michalsen  Kathrine, -27.17141, 30.66997
626, Skern-Mauritzen  Mette, -27.17141, 30.66997
627, Fauchald  Per, 69.66667, 19.0
628, Bogstad  Bjarte, -27.17141, 30.66997
629, Dolgov  Andrey, 68.97917, 33.09251
630, Bogacheva  E. N., -24.19163, 31.08152
631, Dolgov  A. A., -24.19163, 31.08152
632, Chulichkov  A. L., -24.19163, 31.08152
633, Shishkov  A. V., -24.19163, 31.08152
634, Ksenofontov  A. L., -24.19163, 31.08152
635, Fedorova  N. V., -24.19163, 31.08152
636, Baratova  L. A., -24.19163, 31.08152
637, Baccour  Hatem, 47.80691, -110.84272
638, Slimani  Mohamed, 47.80691, -110.84272
639, Cudennec  Christophe, 47.00306, 1.68056
640, Niermann  B., -23.2861, 29.13964
641, Hemke  T., -23.2861, 29.13964
642, Babaeva  N. Y., 42.27756, -83.74088
643, Boeke  M., -23.2861, 29.13964
644, Kushner  M. J., 42.27756, -83.74088
645, Mussenbrock  T., -23.2861, 29.13964
646, Winter  J., -23.2861, 29.13964
647, Cox  Christian L., -17.91306, 31.09472
648, Boback  Scott M., -23.14354, 29.24251
649, Guyer  Craig, 47.28333, -122.18333
650, Subbarayan  A., 0, 0
651, Kumar  G., 0, 0
652, Amalraj  V. Christopher, 0, 0
653, Dickman  Christopher R., -23.25641, 28.4139
654, Greenville  Aaron C., -23.25641, 28.4139
655, Tamayo  Bobby, -23.25641, 28.4139
656, Wardle  Glenda M., -23.25641, 28.4139
657, Chi  Guangqing, 33.45484, -88.78866
658, Ventura  Stephen J., 38.67935, -121.9683
659, Du  Guanghua, 48.27096, 11.68618
660, Drexler  Guido A., 48.66917, -98.83263
661, Friedland  Werner, 49.12937, 10.85363
662, Greubel  Christoph, 48.0833, 11.6833
663, Hable  Volker, 48.0833, 11.6833
664, Kruecken  Reiner, 48.27096, 11.68618
665, Kugler  Alexandra, 48.66917, -98.83263
666, Tonelli  Laura, 48.27096, 11.68618
667, Friedl  Anna A., 48.66917, -98.83263
668, Dollinger  Guenther, 48.0833, 11.6833
670, Faber  Sandi, 28.0165, -82.4544
671, Markham  John, 28.0165, -82.4544
673, Andersen  R., -16.94387, 30.78994
674, Poulin  M., 60.17556, 24.93417
675, Borcard  D., -25.91448, 22.91387
676, Laiho  R., 60.17556, 24.93417
677, Laine  J., 62.07359, 22.95805
678, Vasander  H., 60.17556, 24.93417
679, Tuittila  E. -T., 60.17556, 24.93417
680, Gatrell  Jay D., 40.0495, -83.87799
681, Reid  Neil, -25.81638, 24.2922
682, Ross  Paula, -25.81638, 24.2922
683, Jorgensen  Bradley S., -18.42263, 29.69904
684, Stedman  Richard C., 43.34082, -90.28179
685, Wen  Guosheng, 62.13333, 13.88333
686, Zhang  Liyang, 62.13333, 13.88333
687, Zhang  Ruming, 62.13333, 13.88333
688, Cao  Zhihong, 24.94829, 121.35251
689, Zhou  Guomo, 62.13333, 13.88333
690, Huang  Hao, 62.13333, 13.88333
691, Wong  Minghung, 24.94829, 121.35251
692, Cheng Wei-Dong, 30.72608, 108.67483
693, Mo Guang, 30.72608, 108.67483
694, Xing Xue-Qing, 30.72608, 108.67483
695, Wang De-Hong, 30.72608, 108.67483
696, Gong Yu, 30.72608, 108.67483
697, Cai Quan, 30.72608, 108.67483
698, Chen Zhong-Jun, 30.72608, 108.67483
699, Wu Zhong-Hua, 30.72608, 108.67483
700, Rosa  Jaqueline Figueredo, -14.13304, -42.82402
701, Ramalho  Mauro, 39.94023, -112.09967
704, Aguilar  Robert, 41.48273, -81.76017
705, Johnson  Eric G., 41.48273, -81.76017
706, Hines  Anson H., 41.48273, -81.76017
707, Roberts  Paige M., 41.48273, -81.76017
708, Goodison  Michael R., 41.48273, -81.76017
709, Kramer  Margaret A., 41.48273, -81.76017
710, Almenar  David, 13.2634, 124.0227
711, Aihartza  Joxerra, 13.2634, 124.0227
712, Goiti  Urtzi, 13.2634, 124.0227
713, Salsamendi  Egoitz, 13.2634, 124.0227
714, Garin  Inazio, 13.2634, 124.0227
715, Connop  Stuart, -18.38333, 32.58333
719, Clegg  S. R., 53.28503, -3.07283
721, Parker  J., -18.38333, 32.58333
723, Godsall  S. A., -23.02804, 29.83268
730, Cabral  A. I. R., -18.39374, 30.99452
731, Vasconcelos  M. J., -18.39374, 30.99452
732, Oom  D., -18.39374, 30.99452
733, Sardinha  R., -18.39374, 30.99452
734, Lizana  Ludvig, -24.24263, 31.08202
735, Mitarai  Namiko, -24.24263, 31.08202
736, Sneppen  Kim, -24.24263, 31.08202
737, Nakanishi  Hiizu, 40.797, 140.49498
738, Gougherty  A., 37.86472, -107.88229
739, Nutter  F. W., 37.86472, -107.88229
740, Nutter  F. W., 37.86472, -107.88229
741, Byamukama  E., 37.86472, -107.88229
742, Eggenberger  S., 37.86472, -107.88229
743, Miller  Darren, 46.18733, -122.90539
744, Buchanan  Ashley, 46.18733, -122.90539
745, Wang  Juan, 46.18733, -122.90539
746, Hall  Edward, 46.18733, -122.90539
747, Chong  Chee-Seng, -18.42263, 29.69904
748, Hoffmann  Ary A., -18.42263, 29.69904
749, Thomson  Linda J., -18.42263, 29.69904
750, Yeari  Menahem, 32.81841, 34.9885
751, Goldsmith  Morris, 32.81841, 34.9885
752, Nelson  Martha I., -23.48627, 29.36672
753, Lemey  Philippe, -25.90866, 24.89688
754, Tan  Yi, -23.48627, 29.36672
755, Vincent  Amy, 37.86472, -107.88229
756, Lam  Tommy Tsan-Yuk, 0, 0
757, Detmer  Susan, 48.1362, 11.5532
758, Viboud  Cecile, -23.48627, 29.36672
759, Suchard  Marc A., -25.46814, 23.09949
760, Rambaut  Andrew, -17.895, 30.94611
761, Holmes  Edward C., 0, 0
762, Gramer  Marie, 48.1362, 11.5532
763, Rossi  Sergio, 48.42749, -71.06352
764, Morin  Hubert, 48.42749, -71.06352
765, Yoon  Sook Hee, 37.56667, 126.96667
766, Lee  Kwang-Nyeong, 2.34439, 31.21736
767, Park  Jong-Hyeon, 2.34439, 31.21736
768, Kim  Heebal, 37.56667, 126.96667
769, Ogbuagu  D. H., 5.48333, 7.03041
770, Ayoade  A. A., 6.6799, 3.20773
771, AC-Chukwuocha  N. B., 5.48333, 7.03041
772, Badas  M. G., -30.24671, 27.03918
773, Querzoli  G., -30.24671, 27.03918
774, Serra  Miguel, -22.68222, 29.63894
775, Pinho  Paulo, -22.68222, 29.63894
776, Klochkov  Vladimir V., 39.51667, 63.81667
777, Klochkov  Anton V., 39.51667, 63.81667
778, Shamsutdinov  Marat N., 39.51667, 63.81667
779, Efimov  Sergey V., 39.51667, 63.81667
780, Krutikov  Alexander A., 39.51667, 63.81667
781, Gilyazetdinov  Edward M., 39.51667, 63.81667
782, Zyavkina  Yulia I., 39.51667, 63.81667
783, Shtyrlin  Valery G., 39.51667, 63.81667
784, Ellis  W., 51.63714, -2.50338
785, Bercovitch  F., 10.76667, -71.76667
786, FitzGibbon  S., -25.68765, 23.57241
787, Roe  P., -25.68765, 23.57241
788, Wimmer  J., -25.68765, 23.57241
789, Melzer  A., 51.63714, -2.50338
790, Wilson  R., -25.68765, 23.57241
791, Simonovski  Igor, 46.05108, 14.50513
792, Cizelj  Leon, 46.05108, 14.50513
794, Spinney  Jamie, -20.26614, 29.22116
795, Kanaroglou  Pavlos, -20.26614, 29.22116
796, Scott  Darren, -20.26614, 29.22116
797, Leon  Luis F., -24.63844, 31.19223
798, Smith  Ralph E. H., -18.95, 32.18333
799, Hipsey  Matthew R., -34.13333, 18.38333
800, Bocaniov  Serghei A., -18.95, 32.18333
801, Higgins  Scott N., 38.67935, -121.9683
802, Hecky  Robert E., 42.01777, -101.63573
803, Antenucci  Jason P., -34.13333, 18.38333
804, Imberger  Jorg A., -34.13333, 18.38333
805, Guildford  Stephanie J., 42.01777, -101.63573
806, Carvalho  Susana, 36.96362, -7.86958
807, Pereira  Patricia, -18.39374, 30.99452
808, Pereira  Fabio, 36.96362, -7.86958
809, de Pablo  Hilda, -18.39374, 30.99452
810, Vale  Carlos, -18.39374, 30.99452
811, Gaspar  Miguel B., 36.96362, -7.86958
812, Zhu  Lifeng, 30.72608, 108.67483
813, Zhang  Shanning, 30.72608, 108.67483
814, Gu  Xiaodong, 35.1221, 105.48032
815, Wei  Fuwen, 30.72608, 108.67483
816, Eggo  Rosalind M., -18.38333, 32.58333
817, Cauchemez  Simon, -18.38333, 32.58333
818, Ferguson  Neil M., -18.38333, 32.58333
819, Cinquin  Olivier, 42.66497, -105.30554
820, Cinquin  Amanda, 42.66497, -105.30554
821, Chiang  Michael, 42.66497, -105.30554
822, Paz  Adrian, 42.66497, -105.30554
823, Byamukama  E., 37.86472, -107.88229
824, Robertson  A. E., 37.86472, -107.88229
825, Nutter  F. W.  Jr., 37.86472, -107.88229
826, Rey  Sergio J., -29.03143, 26.15937
827, Anselin  Luc, -29.03143, 26.15937
828, Folch  David C., -29.03143, 26.15937
829, Arribas-Bel  Daniel, 7.9248, -72.22607
830, Gutierrez  Myrna L. Sastre, -29.03143, 26.15937
831, Interlante  Lindsey, -29.03143, 26.15937
832, Manhaes  M. A., -28.06479, 117.84904
833, Dias  M. M., -25.77686, -50.24882
834, Vandemark  D., -19.3, 29.65
835, Salisbury  J. E., -19.3, 29.65
836, Hunt  C. W., -19.3, 29.65
837, Shellito  S. M., -19.3, 29.65
838, Irish  J. D., -19.3, 29.65
839, McGillis  W. R., 36.69615, -93.15714
840, Sabine  C. L., 47.60621, -122.33207
841, Maenner  S. M., 47.60621, -122.33207
842, Okada  Y., -26.13187, 29.01683
849, Ossenkopf  V., -26.13187, 29.01683
851, Roellig  M., -26.13187, 29.01683
854, Ossenkopf  V, -26.13187, 29.01683
856, Saruwatari  Masanori, -8.4, 147.15
857, Uka  Takanori, -8.4, 147.15
858, Kitazawa  Shigeru, -8.4, 147.15
859, Guth  Dennis, 51.5125, 7.47695
860, Holz-Rau  Christian, 51.5125, 7.47695
861, Killer  Veronika, -31.2, 27.28333
862, Axhausen  Kay W., -31.2, 27.28333
863, Lin  Wei, 24.71847, 121.74238
864, Chen  Shanghong, 24.71847, 121.74238
865, Deng  Liqiong, 24.71847, 121.74238
869, Grueter  C. C., 51.34198, 12.37498
870, Ndamiyabo  F., -1.49998, 29.6333
871, Plumptre  A. J., -14.41129, 31.6098
872, Fawcett  K. A., -1.49998, 29.6333
873, Robbins  M. M., 51.34198, 12.37498
874, Huang  Youqin, 29.1488, 106.21889
875, Fu  Jiyang, 29.1488, 106.21889
877, Ai  L, 41.62811, -83.93522
878, Li  YG, 17.8027, 98.95097
879, Sang  XM, 40.85639, 71.19969
880, Bu  JL, 60.9, 13.4
893, Popov  S. S., 55.08333, 82.9
894, Vyacheslavov  L. N., 55.08333, 82.9
895, Ivantsivskiy  M. V., 55.08333, 82.9
896, Burdakov  A. V., 55.08333, 82.9
897, Kasatov  A. A., 55.08333, 82.9
898, Polosatkin  S. V., 55.08333, 82.9
899, Postupaev  V. V., 55.08333, 82.9
901, Pustejovsky  James, -33.12326, 27.21349
903, Im  E. S., 41.92814, 12.51454
904, Jung  I. W., 37.56667, 126.96667
905, Bae  D. H., 37.56667, 126.96667
906, Jongejans  E., 0, 0
926, Schaub  Lukas, 7.31528, -7.5725
927, Breitenmoser  Steve, 7.31528, -7.5725
928, Narita  Y., -27.29613, 30.66222
929, Glassmeier  K. -H., 0, 0
930, Goldstein  M. L., 39.00455, -76.87553
931, Motschmann  U., -22.64013, 28.61848
932, Sahraoui  F., 0, 0
933, Chadoeuf  J., 43.94861, 4.80833
934, Certain  G., 22.42136, -83.67843
935, Bellier  E., 43.94861, 4.80833
936, Bar-Hen  A., 48.10343, -1.6723
937, Couteron  P., 11.93333, 79.81667
938, Monestiez  P., 43.94861, 4.80833
939, Bretagnolle  V., 22.42136, -83.67843
940, Weng  Peixuan, 29.1488, 106.21889
941, Zhao  Xiao-Qiang, 45.5287, 9.229
942, Yu  Junbo, 33.62697, -114.43801
948, Benson  A. P., -18.49435, 31.4284
949, Bernus  O., -18.49435, 31.4284
950, Holden  A. V., -19.1, 32.8
951, Zhang  H., -19.1, 32.8
952, Yamakita  Takehisa, -8.4, 147.15
953, Nakaoka  Masahiro, 1.64556, 14.65306
955, Lessel  Tanja, 50.00098, 8.26882
956, Marx  Michael Thomas, 50.00098, 8.26882
957, Eisenbeis  Gerhard, 50.00098, 8.26882
958, Kim  Sung Yong, 32.84727, -117.2742
960, Terrill  Eric J., 32.84727, -117.2742
961, Cafe-Filho  Adalberto C., 18.44495, -66.38128
962, Santos  Gil R., -11.66673, -48.84218
963, Laranjeira  Francisco F., 40.09075, 44.5519
964, Faier  Elizabeth, 30.24752, 103.78073
965, Aharoni  Hillel, -27.43774, 25.13069
966, Sharon  Eran, -27.43774, 25.13069
967, Chou  Ching-Shan, 45.26522, -93.05015
968, Lo  Wing-Cheong, 42.66497, -105.30554
969, Gokoffski  Kimberly K., 42.66497, -105.30554
970, Zhang  Yong-Tao, 41.70019, -86.23793
971, Wan  Frederic Y. M., 42.66497, -105.30554
972, Lander  Arthur D., 42.66497, -105.30554
973, Calof  Anne L., 42.66497, -105.30554
974, Nie  Qing, 42.66497, -105.30554
975, Bourouiba  L., -19.8, 32.78333
976, Wu  Jianhong, -18.92602, 32.64438
977, Newman  S., -19.38376, 30.73729
978, Takekawa  J., 38.10409, -122.25664
979, Natdorj  T., 47.90771, 106.88324
980, Batbayar  N., 47.90771, 106.88324
981, Bishop  C. M., 40.20177, -75.25518
982, Hawkes  L. A., 40.20177, -75.25518
983, Butler  P. J., -24.52312, 31.26813
984, Wikelski  M., 47.75318, 8.97198
985, Ma  Q. L., 45.76611, 4.87944
986, Motto-Ros  V., 45.76611, 4.87944
987, Lei  W. Q., 45.76611, 4.87944
988, Boueri  M., 45.76611, 4.87944
989, Bai  X. S., -22.46563, 28.93706
990, Zheng  L. J., -22.46563, 28.93706
991, Zeng  H. P., -22.46563, 28.93706
992, Yu  J., 45.76611, 4.87944
993, Chiron  Francois, -19.05, 29.56667
994, Filippi-Codaccioni  Ondine, -19.05, 29.56667
995, Jiguet  Frederic, -19.05, 29.56667
996, Devictor  Vincent, -17.8157, 32.16667
998, Carpenter  S. R., 38.67935, -121.9683
999, Brock  W. A., 38.67935, -121.9683
1000, Anselme  B., -19.05, 29.56667
1001, Bousquet  F., -17.8157, 32.16667
1002, Lyet  A., -17.8157, 32.16667
1003, Etienne  M., 43.94861, 4.80833
1004, Fady  B., 43.94861, 4.80833
1005, Le Page  C., 13.75398, 100.50144
1006, Chen  Duan-Rung, 25.02588, 121.65161
1007, Wen  Tzai-Hung, 25.02588, 121.65161
1009, Grigg  Omer, -18.92602, 32.64438
1010, Grady  Cheryl L., -18.92602, 32.64438
1013, Carruthers  Thomas R., 45.63873, -122.66149
1014, McAllister  Murdoch K., 45.63873, -122.66149
1015, Ahrens  Robert N. M., 45.63873, -122.66149
1017, Tiedje  Bente, -33.14181, 18.4695
1018, Moll  Andreas, -33.14181, 18.4695
1019, Kaleschke  Lars, -33.14181, 18.4695
1020, Runge  Jeffrey A., -22.95145, 29.50084
1021, Kovach  Adrienne I., -19.3, 29.65
1022, Churchill  James H., 41.51678, -70.68281
1023, Kerr  Lisa A., -18.36472, 32.54166
1024, Morrison  John R., 37.64305, -83.50891
1025, Beardsley  Robert C., 41.51678, -70.68281
1026, Berlinsky  David L., -19.3, 29.65
1027, Chen  Changsheng, 41.09728, -80.50479
1028, Cadrin  Steven X., -18.36472, 32.54166
1029, Davis  Cabell S., 41.51678, -70.68281
1030, Ford  Kathryn H., 41.09728, -80.50479
1031, Grabowski  Jonathan H., -22.95145, 29.50084
1032, Howell  W. Huntting, -19.3, 29.65
1033, Ji  Rubao, 41.51678, -70.68281
1034, Jones  Rebecca J., -22.95145, 29.50084
1035, Pershing  Andrew J., -22.95145, 29.50084
1036, Record  Nicholas R., -22.95145, 29.50084
1037, Thomas  Andrew C., 43.94444, -85.51944
1038, Sherwood  Graham D., -22.95145, 29.50084
1039, Tallack  Shelly M. L., -22.95145, 29.50084
1040, Townsend  David W., 43.94444, -85.51944
1041, Fischer  Thomas, 50.77603, 6.08723
1042, Langner  Robert, 50.92149, 6.36267
1043, Diers  Kersten, -28.9, 27.4
1044, Brocke  Burkhard, -28.9, 27.4
1045, Birbaumer  Niels, -18.49868, 29.77129
1046, Smit  Izak P. J., -24.96279, 31.58964
1047, Ferreira  Sam M., -24.96279, 31.58964
1048, Carruthers  Thomas R., 45.63873, -122.66149
1049, McAllister  Murdoch K., 45.63873, -122.66149
1050, Ahrens  Robert N. M., 45.63873, -122.66149
1051, Ozerkovskaya  N. I., 56.0, 38.36667
1052, Firsov  A. N., 56.0, 38.36667
1053, Shkadinskii  K. G., 56.0, 38.36667
1054, Li  Yingpeng, 23.64, 120.87083
1055, He  Xueli, 29.7488, 105.75843
1056, Zhao  Lili, 29.7488, 105.75843
1057, Konda  Ryota, -2.05, 31.68333
1059, Ishizuka  Shigehiro, 34.81641, 135.56828
1060, Heriyanto  Joko, -2.75, 103.83333
1061, Wicaksono  Agus, -2.75, 103.83333
1062, Bellavance  Marie-Eve, -25.91448, 22.91387
1063, Brisson  Jacques, -25.91448, 22.91387
1064, Dobson  F. Stephen, 47.28333, -122.18333
1065, Way  Brittany M., 47.28333, -122.18333
1066, Baudoin  Claude, 48.9645, 2.3444
1067, Szonyi  Barbara, 43.34082, -90.28179
1068, Wade  Susan E., 43.34082, -90.28179
1069, Mohammed  Hussni O., 43.34082, -90.28179
1070, Reay-Jones  F. P. F., -18.10648, 29.91389
1071, Toews  M. D., 31.45046, -83.5085
1072, Greene  J. K., 33.35793, -81.27066
1073, Reeves  R. B., 33.35793, -81.27066
1074, Zagha  Edward, -23.41635, 27.55004
1075, Manita  Satoshi, -18.01962, 29.58515
1076, Ross  William N., -18.01962, 29.58515
1077, Rudy  Bernardo, -23.41635, 27.55004
1078, Goparaju  L., 17.38405, 78.45636
1079, Jha  C. S., 17.38405, 78.45636
1080, Gong  Wenjie, 46.39318, 126.51564
1081, Jiang  Yu, 46.39318, 126.51564
1082, Za  Yunfeng, 29.1488, 106.21889
1083, Zeng  Zheng, 45.88029, 127.13373
1084, Shao  Mingfu, 46.39318, 126.51564
1085, Fan  Jinhong, 46.39318, 126.51564
1086, Sun  Yanwei, 29.1488, 106.21889
1087, Xiong  Zhonglian, 45.88029, 127.13373
1088, Yu  Xinglong, 24.45722, 118.32972
1089, Tu  Changchun, 46.39318, 126.51564
1091, Brolsma  R. J., 0, 0
1092, van Beek  L. P. H., 0, 0
1093, Bierkens  M. F. P., 0, 0
1094, Boteva  Silvena, 36.45169, -103.82913
1095, Traykov  Ivan, 36.45169, -103.82913
1096, Kenarova  Anelia, 36.45169, -103.82913
1097, Bogoev  Valentin, 36.45169, -103.82913
1098, Apreutesei  Narcisa, 3.85999, 154.96656
1099, Bessonov  Nikolai, 59.89444, 30.26417
1100, Volpert  Vitaly, 45.76611, 4.87944
1101, Vougalter  Vitali, -18.92602, 32.64438
1103, Tasken  Kjetil, 48.19526, -97.13202
1104, Gersh  K. C., -17.71194, 31.1225
1105, Zaitsev  S., -17.71194, 31.1225
1106, Muzykantov  V., -17.71194, 31.1225
1107, Cines  D. B., -17.71194, 31.1225
1108, Weisel  J. W., -17.71194, 31.1225
1110, Meister  Peter, -26.79535, 30.44768
1111, Towbin  Benjamin D., -26.79535, 30.44768
1112, Pike  Brietta L., -26.79535, 30.44768
1113, Ponti  Aaron, -26.79535, 30.44768
1114, Gasser  Susan M., -26.79535, 30.44768
1116, Parada  Carolina, -36.72494, -73.11684
1117, Armstrong  David A., 47.60621, -122.33207
1118, Ernst  Billy, 35.44227, -105.12056
1119, Hinckley  Sarah, 47.60621, -122.33207
1120, Orensanz  J. M. (Lobo), -42.7692, -65.03851
1121, Lacerda  Norma, -8.01175, -34.95291
1122, Leitao  Lucia, -8.01175, -34.95291
1124, Hsieh  Chih-hao, 25.02588, 121.65161
1125, Yamauchi  Atsushi, 35.90807, 139.65657
1126, Nakazawa  Takefumi, 25.02588, 121.65161
1127, Wang  Wei-Fen, 25.02588, 121.65161
1129, Kerr  L. A., 38.31846, -76.45412
1130, Cadrin  S. X., -18.36472, 32.54166
1131, Secor  D. H., 38.31846, -76.45412
1132, Kvasnes  Mikkel A. J., 61.57065, 11.05548
1133, Storaas  Torstein, 61.57065, 11.05548
1134, Pedersen  Hans Chr., 61.57065, 11.05548
1135, Bjork  Svein, 61.57065, 11.05548
1136, Nilsen  Erlend B., 61.57065, 11.05548
1138, Cerna  R., -32.0304, 27.03191
1139, Paraiso  T. K., -32.0304, 27.03191
1140, Leger  Y., -32.0304, 27.03191
1141, Wouters  M., -32.0304, 27.03191
1142, Morier-Genoud  F., -32.0304, 27.03191
1143, Portella-Oberli  M. T., -32.0304, 27.03191
1144, Deveaud-Pledran  B., -32.0304, 27.03191
1145, Nachman  Gosta, 0, 0
1146, Borregaard  Michael K., 0, 0
1147, Desmet  Klaus, 40.29463, -3.65978
1148, Rossi-Hansberg  Esteban, -25.85, 30.95
1150, Lobanov  M. Yu., 56.11095, 47.84875
1151, Finkel'shtein  A. V., 56.11095, 47.84875
1152, Lizana  L., -24.24263, 31.08202
1153, Rosvall  M., -8.1909, 114.9116
1154, Sneppen  K., -24.24263, 31.08202
1155, Michalopoulou  Maria, 50.77603, 6.08723
1156, Riihijaervi  Janne, 50.77603, 6.08723
1157, Maehoenen  Petri, 50.77603, 6.08723
1159, Shi Hong, 25.01769, 121.17416
1165, Xiao  J. C., 27.19313, 118.46838
1166, Lu  Z., 27.19313, 118.46838
1167, Ma  K. J., 27.19313, 118.46838
1172, Loiselle  Steven A., -25.4083, 27.74219
1173, Azza  Nicholas, 0.06444, 32.44694
1174, Gichuki  John, -0.58333, 34.46667
1175, Bracchini  Luca, -25.4083, 27.74219
1176, Tognazzi  Antonio, -25.4083, 27.74219
1177, Dattilo  Arduino M., -25.4083, 27.74219
1178, Rossi  Claudio, -25.4083, 27.74219
1179, Cozar  Andres, -25.4083, 27.74219
1180, da Rocha  J. G., -4.98333, -38.56667
1181, Zambolim  L., -4.98333, -38.56667
1182, Maciel-Zambolim  E., -4.98333, -38.56667
1183, Ribeiro do Vale  F. X., -4.98333, -38.56667
1184, Watanabe  Kazunari, -8.4, 147.15
1185, Takeuchi  Yuichi, -8.4, 147.15
1186, Porrat  Dana, -27.43774, 25.13069
1187, Hayar  Aawatif, 43.62235, 7.04721
1188, Serfaty  Yuval, -27.43774, 25.13069
1189, Lorrilliere  Romain, -19.05, 29.56667
1190, Boisteau  Benjamin, 48.10343, -1.6723
1191, Robert  Alexandre, -19.05, 29.56667
1192, Yang  Dabin, 30.72608, 108.67483
1193, Zhang  Yigang, 30.72608, 108.67483
1194, Wu  Jinzhi, 30.72608, 108.67483
1195, Huang  Kun, 30.72608, 108.67483
1198, Oppo  Gian-Luca, -18.0707, 30.90529
1199, Lauzon-Guay  Jean-Sebastien, 50.08344, -61.68181
1200, Scheibling  Robert E., -26.05812, 24.36419
1201, Oddi  F. J., -33.4, -58.36667
1202, Dudinszky  N., -33.4, -58.36667
1203, Ghermandi  L., -33.4, -58.36667
1204, Malik  N., -23.32829, 29.29561
1205, Marwan  N., -23.32829, 29.29561
1206, Kurths  J., -22.64013, 28.61848
1207, Jin Jian, -30.414, 28.91504
1208, Wang Guang-Hua, -30.414, 28.91504
1209, Liu Xiao-Bing, -30.414, 28.91504
1210, Liu Jue-Dong, -30.414, 28.91504
1211, Chen Xue-Li, -30.414, 28.91504
1212, Herbert  S. J., -32.62392, 26.67086
1213, Koll-Schretzenmayr  Martina, -31.2, 27.28333
1214, Ritterhoff  Frank, -22.64013, 28.61848
1215, Siebel  Walter, 29.97661, -96.76498
1216, Lee  Chun-Lin, 25.02588, 121.65161
1217, Huang  Shu-Li, 25.02588, 121.65161
1218, Chan  Shih-Liang, 25.02588, 121.65161
1219, Irwin  Elena G., 45.26522, -93.05015
1220, Jayaprakash  Ciriyam, 45.26522, -93.05015
1221, Munroe  Darla K., 45.26522, -93.05015
1222, Ouyang  Wei, 0, 0
1223, Wang  Xuelei, 30.72608, 108.67483
1224, Hao  Fanghua, 30.72608, 108.67483
1225, Srinivasan  R., -29.80438, 31.00573
1226, Shi  Q. Q., 25.01769, 121.17416
1227, Pu  Z. Y., 30.72608, 108.67483
1228, Soucek  J., -23.6994, 28.9405
1229, Zong  Q. -G., 30.72608, 108.67483
1230, Pu  Z. Y., 30.72608, 108.67483
1231, Xie  L., 30.72608, 108.67483
1232, Chen  Y., 25.01769, 121.17416
1233, Zhang  H., 39.00455, -76.87553
1234, Li  L., 25.01769, 121.17416
1235, Xia  L. D., 25.01769, 121.17416
1236, Liu  Z. X., 30.72608, 108.67483
1237, Lucek  E., -18.38333, 32.58333
1238, Fazakerley  A. N., -19.4, 29.66667
1239, Reme  H., 37.17667, -83.32694
1240, Angilletta  Michael J.  Jr., 40.0495, -83.87799
1241, Sears  Michael W., 40.0495, -83.87799
1242, Pringle  Robert M., -34.4394, 19.45615
1243, Tsetlin  M. B., -24.19163, 31.08152
1244, Zakharov  A. A., 42.6427, -111.88857
1245, Maslakov  K. I., -24.19163, 31.08152
1246, Mikheeva  M. N., -24.19163, 31.08152
1248, Shakya  Sulochana, 31.91667, 34.75
1249, Weintraub  Phyllis G., 0, 0
1250, Coll  Moshe, 31.91667, 34.75
1251, Jin  Yu, 45.5287, 9.229
1252, Zhao  Xiao-Qiang, 45.5287, 9.229
1254, Horinouchi  Takeshi, 44.0, 143.0
1255, Tsuda  Toshitaka, -2.05, 31.68333
1256, Carrico  Kimberly M., 46.18733, -122.90539
1257, Vaishnav  Radhika, 46.18733, -122.90539
1258, Hall  Edward D., 46.18733, -122.90539
1259, Lobanov  M. Yu., 56.11095, 47.84875
1260, Finkel'shtein  A. V., 56.11095, 47.84875
1261, Saito  Hidetoshi, 34.44755, 132.76116
1262, Mimura  Keisuke, 34.44755, 132.76116
1263, Kawaiand  Koichiro, 34.44755, 132.76116
1264, Imabayashi  Hiromichi, 34.44755, 132.76116
1265, Kim  Jin-Hong, 34.14778, -118.14452
1266, Kushiro  Keiichiro, 34.14778, -118.14452
1267, Graham  Nicholas A., 34.14778, -118.14452
1268, Asthagiri  Anand R., 34.14778, -118.14452
1269, Johnson  Daniel P., 41.39695, -92.43352
1270, Wilson  Jeffrey S., 41.39695, -92.43352
1271, Woods  S., 52.11679, -106.63452
1272, Szyszkowski  W., 52.11679, -106.63452
1273, Texeira  Marcos, -20.28333, 30.66667
1274, Altesor  Alice, -20.28333, 30.66667
1275, Agergaard  Jytte, -24.24263, 31.08202
1276, Fold  Niels, -24.24263, 31.08202
1277, Gough  Katherine V., -24.24263, 31.08202
1278, Wakano  Joe Yuichiro, 34.8, 133.93333
1279, Nowak  Martin A., -19.8, 32.78333
1280, Hauert  Christoph, 45.63873, -122.66149
1281, Muralidharan  Daya, 41.21747, -106.77893
1282, Knapp  Keith C., 41.21747, -106.77893
1284, Jin  Yu, 45.5287, 9.229
1285, Zhao  Xiao-Qiang, 45.5287, 9.229
1286, Gelderblom  Mathias, -33.14181, 18.4695
1287, Leypoldt  Frank, -33.14181, 18.4695
1288, Steinbach  Karin, -33.14181, 18.4695
1289, Behrens  Doerthe, -33.14181, 18.4695
1290, Choe  Chi-Un, -33.14181, 18.4695
1291, Siler  Dominic A., -33.14181, 18.4695
1292, Arumugam  Thiruma V., 35.222, -101.8313
1293, Orthey  Ellen, -33.14181, 18.4695
1294, Gerloff  Christian, -33.14181, 18.4695
1295, Tolosa  Eva, -33.14181, 18.4695
1296, Magnus  Tim, -33.14181, 18.4695
1297, Rossi  Joni, -25.90866, 24.89688
1298, Govaerts  Annelies, -25.90866, 24.89688
1299, De Vos  Bruno, 50.7804, 3.90696
1300, Verbist  Bruno, -25.90866, 24.89688
1301, Vervoort  Andre, -25.90866, 24.89688
1302, Poesen  Jean, -25.90866, 24.89688
1303, Muys  Bart, -25.90866, 24.89688
1304, Deckers  Jozef, -25.90866, 24.89688
1305, Lorena  Rodrigo B., -25.90866, 24.89688
1306, Lambin  Eric F., -25.90866, 24.89688
1307, Batisani  Nnyaladzi, 0, 0
1308, Yarnal  Brent, 0, 0
1309, Pang  Yonggang, -18.8417, 29.64369
1310, Ucuzian  Areck A., -18.8417, 29.64369
1311, Matsumura  Akie, -18.8417, 29.64369
1312, Brey  Eric M., 46.57815, -124.05294
1313, Gassman  Andrew A., -18.8417, 29.64369
1314, Husak  Vicki A., 46.57815, -124.05294
1315, Greisler  Howard P., 46.57815, -124.05294
1316, Li  Yun, -22.46563, 28.93706
1317, Treutlein  P., 48.66917, -98.83263
1318, Reichel  J., -19.05, 29.56667
1319, Sinatra  A., -19.05, 29.56667
1320, Jansen  Stefan, 47.74667, -99.38679
1321, Walpersdorf  Eva, 47.74667, -99.38679
1322, Werner  Ursula, 47.74667, -99.38679
1323, Billerbeck  Markus, 47.74667, -99.38679
1324, Bottcher  Michael E., 47.74667, -99.38679
1325, de Beer  Dirk, 47.74667, -99.38679
1326, Zhang  Chunyu, 30.72608, 108.67483
1327, Gao  Lushuang, 30.72608, 108.67483
1328, Zhao  Xiuhai, 30.72608, 108.67483
1329, Linnane  Adrian, -9.68907, 20.4319
1330, Crosthwaite  Kelly, -17.89028, 31.13833
1331, Zhang  Ziming, 45.63873, -122.66149
1332, Li  Ze-Nian, 45.63873, -122.66149
1333, Drew  Mark, 45.63873, -122.66149
1335, Porrat  Dana, -27.43774, 25.13069
1337, Kaminsky  Eli, -27.43774, 25.13069
1338, Uziel  Moshe, -27.43774, 25.13069
1344, Zhao Lu, 30.72608, 108.67483
1345, Zheng Xinqi, 30.72608, 108.67483
1349, Powers  Matthew D., -19.99108, 31.35426
1350, Webster  Christopher R., -19.99108, 31.35426
1351, Pregitzer  Kurt S., 45.93928, -122.62927
1352, Palik  Brian J., 45.90122, -123.50401
1353, Szabo  Pal, 36.76894, -90.71095
1358, Yau  Shuehlin, 23.90452, 120.5298
1359, Lee  YiHui, 24.93929, 121.59985
1360, Chang  ChinZen, 24.93929, 121.59985
1361, Dow  Wei-Ping, 24.1469, 120.6839
1362, Parikh  Devi, 38.19982, -83.77691
1366, Tyler  Robin M., 45.67162, -90.18765
1367, Brady  Damian C., 38.77456, -75.13935
1368, Targett  Timothy E., 38.77456, -75.13935
1369, Tammaru  Tiit, 58.4, 26.75
1370, Leetmaa  Kadri, 58.4, 26.75
1371, Silm  Siiri, 58.4, 26.75
1372, Ahas  Rein, 58.4, 26.75
1373, Yu Xingxiu, 35.06306, 118.34278
1374, Ma Qian, 35.06306, 118.34278
1377, Yochelis  Arik, 32.81841, 34.9885
1378, Sheintuch  Moshe, 32.81841, 34.9885
1379, Zhang Guang-ri, 24.94829, 121.35251
1383, Jin  Yu, 45.5287, 9.229
1384, Zhao  Xiao-Qiang, 45.5287, 9.229
1385, Akiyama  Rintarou, -13.18333, -75.91667
1386, Watanabe  Hiroshi, -13.18333, -75.91667
1387, Sugiyama  Yuki, -13.18333, -75.91667
1395, Godfrey  S. S., -17.89028, 31.13833
1396, Bull  C. M., -17.89028, 31.13833
1397, Nelson  N. J., 41.16894, -82.21794
1399, Konda  Ryota, -2.05, 31.68333
1403, Ansori  Saifuddin, 34.81641, 135.56828
1405, Hardjono  Arisman, 34.81641, 135.56828
1406, Fang  Jian, 45.5287, 9.229
1407, Wei  Junjie, -30.414, 28.91504
1408, Zhao  Xiao-Qiang, 45.5287, 9.229
1410, Hunter  P. D., -25.93356, 24.23321
1411, Tyler  A. N., -25.93356, 24.23321
1412, Willby  N. J., -25.93356, 24.23321
1413, Gilvear  D. J., -25.93356, 24.23321
1414, Crowder  Kyle, 48.75955, -122.48822
1415, South  Scott J., -18.44465, 32.57982
1416, Bi  Huaxing, 30.72608, 108.67483
1417, Zhang  Jianjun, 30.72608, 108.67483
1418, Zhu  Jinzhao, 30.72608, 108.67483
1419, Lin  Liangliang, 30.72608, 108.67483
1420, Guo  Chaoying, 30.72608, 108.67483
1421, Ren  Yi, 30.72608, 108.67483
1422, Yun  Lei, 30.72608, 108.67483
1423, Ma  Na, 30.72608, 108.67483
1424, Maantay  Juliana A., 42.99272, -110.11572
1425, Maroko  Andrew R., 42.99272, -110.11572
1426, Porter-Morgan  Holly, 42.99272, -110.11572
1427, Fajardo  Alex, 46.02548, -112.54586
1428, Quiroz  Constanza L., 35.44227, -105.12056
1429, Cavieres  Lohengrin A., 13.68889, -90.00389
1430, Tee  Kok Keng, 3.1412, 101.68653
1431, Pybus  Oliver G., -18.16938, 30.45156
1432, Li  Xiao-Jie, -8.4, 147.15
1433, Han  Xiaoxu, 32.35698, 120.12941
1434, Shang  Hong, 32.35698, 120.12941
1435, Kamarulzaman  Adeeba, 3.1412, 101.68653
1436, Takebe  Yutaka, 32.35698, 120.12941
1437, Davis  Michael J., 45.65968, -88.87928
1438, Tomlin  Alison S., -18.49435, 31.4284
1439, Davis  Michael J., 45.65968, -88.87928
1440, Tomlin  Alison S., -18.49435, 31.4284
1441, Lin  Yiching, 22.63429, 120.36621
1442, Augspurger  Carol K., 7.41667, -60.71667
1443, Zhan  Shuifen, 30.73454, 119.52652
1444, Dai  Mingxin, 30.73454, 119.52652
1445, Jiang  Ping, 30.73454, 119.52652
1446, Peng  Shitao, 30.73454, 119.52652
1447, Ma  Lili, 30.73454, 119.52652
1448, Pierce  Aaron R., 41.3, -93.11667
1449, King  Sammy L., 34.69708, -81.34398
1451, Hlina  Jan, -23.6994, 28.9405
1452, Sekeresova  Zuzana, -23.6994, 28.9405
1453, Sonsky  Jiri, -23.6994, 28.9405
1454, Jewell  Kelly J., 45.63873, -122.66149
1455, Arcese  Peter, 45.63873, -122.66149
1456, Marmorino  G. O., -18.61739, 29.8101
1457, Smith  G. B., -18.61739, 29.8101
1458, Jomaa  Ihab, -3.88, -71.46139
1459, Auda  Yves, 37.17667, -83.32694
1460, Saleh  Bernadette Abi, -3.88, -71.46139
1462, Safi  Samir, -3.88, -71.46139
1463, van der Knaap  Bert, 0, 0
1464, Carrico  K. M., 46.18733, -122.90539
1465, Hall  E. D., 46.18733, -122.90539
1466, Roth  James D., -28.59275, 25.03108
1467, Murray  Dennis L., 42.87064, -71.95175
1468, Steury  Todd D., 48.3892, -4.48993
1469, Ping  Fan, 30.72608, 108.67483
1470, Luo  Zhexian, 24.94829, 121.35251
1471, Li  Xiaofan, 44.12686, -113.48807
1472, Killilea  Mary E., 38.5061, -77.5582
1473, Swei  Andrea, 47.07399, -122.3354
1474, Lane  Robert S., 47.07399, -122.3354
1475, Briggs  Cheryl J., -25.83333, 27.88333
1476, Ostfeld  Richard S., 38.5061, -77.5582
1477, Waluda  Claire M., -19.8, 32.78333
1478, Griffiths  Huw J., -19.8, 32.78333
1479, Rodhouse  Paul G., -19.8, 32.78333
1480, Bradbury  I. R., -26.05812, 24.36419
1481, Laurel  B. J., -27.88333, 30.3
1482, Robichaud  D., 33.07485, -92.33097
1484, Snelgrove  P. V. R., 45.5287, 9.229
1485, Gregory  R. S., 45.5287, 9.229
1486, Cote  D., 48.68321, -54.03141
1488, Pardos  Marta, -23.03332, 28.46217
1489, Montes  Fernando, -23.03332, 28.46217
1490, Canellas  Isabel, -23.03332, 28.46217
1491, Byamukama  E., 37.86472, -107.88229
1492, Robertson  A., 37.86472, -107.88229
1493, Nutter  F. W.  Jr., 37.86472, -107.88229
1494, Knapp  Keith C., 41.21747, -106.77893
1495, Schwabe  Kurt A., 41.21747, -106.77893
1496, Bureth  Antoine, 48.58361, 7.74806
1497, Yang  Ling, 0, 0
1498, Reece  Jeff M., -19.3, 29.65
1499, Cho  Jaiesoon, 0, 0
1500, Bortner  Carl D., 0, 0
1501, Shears  Stephen B., 0, 0
1502, Kokko  Hanna, -19.33417, 30.05945
1503, Heubel  Katja U., 60.17556, 24.93417
1504, Rankin  Daniel J., 42.33965, -111.38604
1505, Kastrup  Christian J., -18.30067, 30.32166
1506, Runyon  Matthew K., -18.30067, 30.32166
1507, Lucchetta  Elena M., -18.30067, 30.32166
1509, Ismagilov  Rustem F., -18.30067, 30.32166
1510, Waskoenig  J., -23.2861, 29.13964
1511, O'Connell  D., -23.2861, 29.13964
1512, Gathen  V. Schulz-von der, -23.2861, 29.13964
1513, Winter  J., -23.2861, 29.13964
1514, Park  S. -J., 7.41667, -60.71667
1515, Eden  J. G., 7.41667, -60.71667
1517, Snall  T., -19.27883, 30.00378
1518, O'Hara  R. B., 60.17556, 24.93417
1519, Ray  C., -19.27883, 30.00378
1520, Collinge  S. K., -19.27883, 30.00378
1521, Huitu  Otso, 60.53333, 22.33333
1522, Laaksonen  Jesse, 60.53333, 22.33333
1523, Klemola  Tero, 60.53333, 22.33333
1524, Korpimaki  Erkki, 60.53333, 22.33333
1525, Hundecha  Yeshewatesfa, 46.81228, -71.21454
1526, Ouarda  Taha B. M. J., 46.81228, -71.21454
1527, Bardossy  Andras, -32.15945, 25.28634
1528, Kovac  Jason R., -18.38333, 32.58333
1529, Chrones  Tom, -18.38333, 32.58333
1530, Sims  Stephen M., -18.38333, 32.58333
1532, Serghini  M., 36.23065, -83.32406
1533, Boutayeb  A., 34.68288, -1.9108
1534, Boumaaz  A., 36.23065, -83.32406
1535, Srairi  A., 36.23065, -83.32406
1536, Mesfioui  A., 36.23065, -83.32406
1537, Zoubi  A., 36.23065, -83.32406
1538, Dridi  A., 36.23065, -83.32406
1539, De Berg  W. J. van, -27.66667, 30.31667
1540, van den Broeke  M. R., -27.66667, 30.31667
1541, van Meijgaard  E., -24.64375, 29.15051
1542, Macek  Miroslav, 49.0, 14.5
1543, Pestova  Dana, 49.8233, 13.66545
1544, Martinez Perez  Maria Elena, 19.00917, -98.99715
1550, Wu  Guofeng, 24.65726, 121.79636
1551, De Leeuw  Jan, 0, 0
1552, Skidmore  Andrew K., 0, 0
1553, Prins  Herbert H. T., 0, 0
1554, Liu  Yaolin, 24.65726, 121.79636
1555, Voitovich  A. P., 57.0989, 93.33372
1556, Kalinov  V. S., 57.0989, 93.33372
1557, Loiko  Yu. V., 57.0989, 93.33372
1558, Naumenko  N. N., 57.0989, 93.33372
1559, Runets  L. P., 57.0989, 93.33372
1560, Stupak  A. P., 57.0989, 93.33372
1561, Hudina  S., 45.81444, 15.97798
1562, Maguire  I., 45.81444, 15.97798
1563, Klobucar  G. I. V., 45.81444, 15.97798
1564, Wlodarska-Kowalczuk  Maria, 42.45444, 20.4225
1565, Weslawski  Jan Marcin, 42.45444, 20.4225
1566, Ho  Alvin Y. T., 22.28455, 114.1582
1567, Xu  Jie, 22.28455, 114.1582
1568, Yin  Kedong, -10.51667, 33.5
1569, Yuan  Xiangcheng, 29.1488, 106.21889
1570, He  Lei, 29.1488, 106.21889
1571, Jiang  Yuelu, 22.28455, 114.1582
1572, Lee  Joseph H. W., 22.28455, 114.1582
1573, Anderson  Donald M., 41.51678, -70.68281
1574, Harrison  Paul J., 22.28455, 114.1582
1575, Jachowski  David S., -24.4873, 28.73279
1576, Millspaugh  Joshua J., -24.4873, 28.73279
1577, Biggins  Dean E., -18.61739, 29.8101
1583, Luo  Yao-Zhi, 30.06518, 102.19527
1584, Xu  Xian, 30.06518, 102.19527
1585, Mao  De-Can, 30.06518, 102.19527
1586, Li  Na, 30.06518, 102.19527
1587, Yu  Ying, 30.06518, 102.19527
1592, Huang  Zhen, -22.46563, 28.93706
1593, Zhou  Dai, -22.46563, 28.93706
1594, Shuai  Hong, -22.46563, 28.93706
1607, Kastrup  Christian J., -18.30067, 30.32166
1608, Runyon  Matthew K., -18.30067, 30.32166
1609, Shen  Feng, -18.30067, 30.32166
1610, Ismagilov  Rustem F., -18.30067, 30.32166
1611, Dolgonosov  M. S., -24.19163, 31.08152
1612, Zelenyi  L. M., -24.19163, 31.08152
1613, Grigorenko  E. E., -24.19163, 31.08152
1614, Sauvaud  J. -A., 37.17667, -83.32694
1615, Lemay  Mathieu, -32.0304, 27.03191
1616, Vesin  Jean-Marc, -32.0304, 27.03191
1617, Jacquemet  Vincent, -19.3, 29.65
1618, Forclaz  Andrei, -32.0304, 27.03191
1619, Kappenberger  Lukas, -32.0304, 27.03191
1620, van Oosterom  Adriaan, -32.0304, 27.03191
1656, Stevenson  W. R., 45.69567, -121.88452
1657, Khazheeva  Z. I., 51.82721, 107.60627
1658, Tulokhonov  A. K., 51.82721, 107.60627
1659, Dashibalova  L. T., 51.82721, 107.60627
1677, Gruenewald  Paul J., 0, 0
1678, Rerner  Lillian G., 0, 0
1679, Lery  Bridgette, 45.73365, 2.83559
1680, Needell  Barbara, 30.99213, -88.97838
1691, Auger  Pierre, 44.36832, -100.35097
1692, Lett  Christophe, 52.20011, -108.18467
1705, Schnyer  David, -19.76792, 31.69908
1706, Schmid  Annette, -20.87674, 28.85165
1707, Holcomb  Phillip J., 46.57205, -123.61738
1719, Ohara  Ken, -28.73249, 30.0827
1720, Nojima  Yusuke, -28.73249, 30.0827
1721, Kitano  Yumeka, -28.73249, 30.0827
1722, Ishibuchi  Hisao, -28.73249, 30.0827
1724, Ramachandran  Krishna, -22.97987, 29.33865
1725, Sikdar  Biplab, -22.97987, 29.33865
1727, Zhang Kui, 30.72608, 108.67483
1728, Qiao Zhong, 30.72608, 108.67483
1730, Shiina  T., -10.28333, 30.45
1731, Honda  T., -10.28333, 30.45
1753, Giarolla  Angelica, -22.70115, -44.99229
1772, Ma Qihua, 31.27924, 104.19374
1773, Cao Jianjun, 31.27924, 104.19374
1774, Wang Yitai, 31.27924, 104.19374
1778, Acquaye  Albert K. A., 28.0177, -82.1322
1779, Alston  Julian M., 28.0177, -82.1322
1780, Lee  Hyunok, 28.0177, -82.1322
1781, Sumner  Daniel A., 28.0177, -82.1322
1783, Shen  Yanbin, 30.06518, 102.19527
1784, Luo  Yaozhi, 30.06518, 102.19527
1785, Zhou  Yubin, 30.06518, 102.19527
1786, Tong  Ruofei, 30.06518, 102.19527
1787, Yuan  Fuhgwo, 7.18333, 8.56667
1788, Liu  Suntao, 37.69871, 120.62874
1792, Sih  GC, 14.95496, -83.52997
1793, Nied  HF, 50.1, 8.56667
1794, Xie  Xi-lin, -22.46563, 28.93706
1796, Zhou  Hui-liang, -22.46563, 28.93706
1803, Xiao  Jianchun, 27.19313, 118.46838
1818, Atanassov  V, 36.45169, -103.82913
1845, Kelly-Hope  Louise A., 72.68333, 2.91667
1846, Viboud  Cecile, 36.70078, -119.71764
1847, Hirano  Eduardo W., 40.80448, 140.34382
1848, Miller  Mark A., -32.03282, 28.73888
1850, Brown  Karen M., 40.85439, -111.90022
1851, Goranson  Carol, 42.4, 1.88333
1852, Gower  Stith T., 39.61083, -94.5994
1900, Biber  PD, 30.41131, -88.82781
1902, He  ZB, 23.08964, 112.73373
1914, May  A, -33.14181, 18.4695
1922, Walcott  SM, -17.73658, 31.37926
1924, Hill  PW, 40.20177, -75.25518
1936, Drubin  DG, 47.07399, -122.3354
1938, Wong  CK, 22.28455, 114.1582
1939, Moody  JA, -19.27883, 30.00378
1941, Rigg  J, -19.3, 29.65
1942, BenDor  TK, 40.11642, -88.24338
1944, Zhang  L, 35.90348, 111.38866
1946, Vishnyakov  VI, -33.13864, 19.43306
1948, Schulz  K, 51.34198, 12.37498
1954, Bohan  DA, 51.81356, -0.35672
1974, Adams  E, -22.6595, 28.66882
